{"cameraMode":{"drawMode":0,"name":"Shaded","section":"Shading Mode"},"sceneLighting":true,"audioPlay":false,"sceneViewState":{"m_AlwaysRefresh":false,"showFog":true,"showSkybox":true,"showFlares":true,"showImageEffects":true,"showParticleSystems":true,"showVisualEffectGraphs":true,"m_FxEnabled":true},"in2DMode":false,"pivot":{"x":1.8764935731887818,"y":16.352296829223634,"z":4.619518280029297},"rotation":{"x":0.35610508918762209,"y":0.15261606872081757,"z":-0.059157561510801318,"w":0.9200665354728699},"size":0.8660253882408142,"orthographic":false}